<?xml version='1.0' encoding='UTF-8'?>
<!DOCTYPE hibernate-configuration PUBLIC
          "-//Hibernate/Hibernate Configuration DTD 3.0//EN"
          "http://www.hibernate.org/dtd/hibernate-configuration-3.0.dtd">
<!-- Generated by MyEclipse Hibernate Tools.                   -->
<hibernate-configuration>

<session-factory>
	<property name="dialect">
		org.hibernate.dialect.MySQLDialect
	</property>
	<property name="connection.url">
		jdbc:mysql://localhost:3306/bookstore
	</property>
	<property name="connection.username">root</property>
	<property name="connection.password">123</property>
	<property name="connection.driver_class">
		com.mysql.jdbc.Driver
	</property>
	<property name="connectio.useUnicode">true</property>
		<property name="connection.characterEncoding">utf-8</property>
        <property name="hibernate.connection.pool_size">20</property>
	<property name="myeclipse.connection.profile">mysql</property>
	<mapping resource="com/onlineBookStore/cfg/Addressinfo.hbm.xml" />
	<mapping resource="com/onlineBookStore/cfg/Bookinfo.hbm.xml" />
	<mapping resource="com/onlineBookStore/cfg/Order.hbm.xml" />
	<mapping resource="com/onlineBookStore/cfg/Remark.hbm.xml" />
	<mapping resource="com/onlineBookStore/cfg/Userinfo.hbm.xml" />

</session-factory>

</hibernate-configuration>