<?xml version="1.0" encoding="UTF-8" ?>
<!DOCTYPE struts PUBLIC
	"-//Apache Software Foundation//DTD Struts Configuration 2.3//EN"
	"http://struts.apache.org/dtds/struts-2.3.dtd">

<struts>

	<constant name="struts.enable.DynamicMethodInvocation" value="false" />
	<constant name="struts.devMode" value="true" />
	<package name="default1" namespace="/" extends="struts-default">
		<action name="login" class="com.onlineBookStore.action.UserinfoAction"
			method="login">
			<result name="success">index.jsp</result>
			<result name="error">error.jsp</result>
			<result name="input">error.jsp</result>
		</action>
		<action name="logout" class="com.onlineBookStore.action.UserinfoAction"
			method="logout">
			<result name="success">index.jsp</result>
			<result name="error">error.jsp</result>
			<result name="input">error.jsp</result>
		</action>
		<action name="listUser" class="com.onlineBookStore.action.UserinfoAction"
			method="listUser">
			<result name="success">listUser.jsp</result>
			<result name="error">error.html</result>
			<result name="input">error.html</result>
		</action>
		<action name="deleteUser" class="com.onlineBookStore.action.UserinfoAction"
			method="deleteUser">
			<result name="success" type="chain">listUser</result>
			<result name="error">error.html</result>
			<result name="input">error.html</result>
		</action>
		<action name="addUser" class="com.onlineBookStore.action.UserinfoAction"
			method="addUser">
			<result name="success">addUserSuccess.html</result>
			<result name="error">error.html</result>
			<result name="input">error.html</result>
		</action>

		<action name="lookUser" class="com.onlineBookStore.action.UserinfoAction"
			method="getUserById">
			<result name="success">modifyUser.jsp</result>
			<result name="error">error.html</result>
			<result name="input">error.html</result>
		</action>
		<action name="modifyUserByAdmin" class="com.onlineBookStore.action.UserinfoAction"
			method="modifyUserByAdmin">
			<result name="success">modifyUserSuccess.jsp</result>
			<result name="error">error.html</result>
			<result name="input">error.html</result>
		</action>

	</package>
	<package name="struts2" namespace="/" extends="json-default">
		<action name="uploadBookPicture" class="com.onlineBookStore.action.BookinfoAction"
			method="uploadBookPicture">
			<!-- <result type="json" name="success"> -->
			<!-- <param name="contentType">text/html</param> -->
			<!-- </result> -->
			<!-- <result type="json" name="error"> -->
			<!-- <param name="contentType">text/html</param> -->
			<!-- </result> -->
		</action>
	</package>
	<package name="default2" namespace="/" extends="struts-default">

		<action name="listBook" class="com.onlineBookStore.action.BookinfoAction"
			method="listBook">
			<result name="success">listBook.jsp</result>
			<result name="error">error.html</result>
			<result name="input">error.html</result>
		</action>
		<action name="deleteBook" class="com.onlineBookStore.action.BookinfoAction"
			method="deleteBook">
			<result name="success" type="chain">listBook</result>
			<result name="error">error.html</result>
			<result name="input">error.html</result>
		</action>
		<action name="addBookinfo" class="com.onlineBookStore.action.BookinfoAction"
			method="addBookinfo">
			<result name="success">addBookSuccess.html</result>
			<result name="error">error.html</result>
			<result name="input">error.html</result>
		</action>
		<action name="getLastBook" class="com.onlineBookStore.action.BookinfoAction"
			method="getLastBook">
			<result name="success">index.jsp</result>
			<result name="error">error.html</result>
			<result name="input">error.html</result>
		</action>
		<action name="getBookById" class="com.onlineBookStore.action.BookinfoAction"
			method="getBookById">
			<result name="success" type="chain">rowCount</result>
			<result name="error">error.html</result>
			<result name="input">error.html</result>
		</action>
	</package>
	<package name="default3"  namespace="/" extends="struts-default">
		<action name="rowCount" class="com.onlineBookStore.action.RemarkAction" method="rowCount">
			<result name="success" type="chain">
				getRemarkByBook_1
			</result>
		</action>
		<action name="getRemarkByBook_1" class="com.onlineBookStore.action.RemarkAction" method="getRemarkByBook_1">
			<result name="success">
				product.jsp
			</result>
		</action>
	</package>
	<package name="default4"  namespace="/" extends="json-default">
		<action name="getRemarkByBook" class="com.onlineBookStore.action.RemarkAction" method="getRemarkByBook">
			<result type="json">
				<param name="root">result</param>
			</result>
		</action>
	</package>
</struts>
