<?xml version="1.0" encoding="utf-8"?>
<!DOCTYPE hibernate-mapping PUBLIC "-//Hibernate/Hibernate Mapping DTD 3.0//EN"
"http://www.hibernate.org/dtd/hibernate-mapping-3.0.dtd">
<!-- 
    Mapping file autogenerated by MyEclipse Persistence Tools
-->
<hibernate-mapping>
    <class name="com.onlineBookStore.pojo.Addressinfo" table="addressinfo" catalog="onlinebookstore">
        <id name="id" type="java.lang.Integer">
            <column name="id" />
            <generator class="assigned" />
        </id>
        <many-to-one name="userinfo" class="com.onlineBookStore.pojo.Userinfo" fetch="select">
            <column name="userid" />
        </many-to-one>
        <property name="postcode" type="java.lang.String">
            <column name="postcode" length="6" not-null="true" />
        </property>
        <property name="address" type="java.lang.String">
            <column name="address" length="128" not-null="true" />
        </property>
    </class>
</hibernate-mapping>
