<?xml version="1.0" encoding="utf-8"?>
<!DOCTYPE hibernate-mapping PUBLIC "-//Hibernate/Hibernate Mapping DTD 3.0//EN"
"http://www.hibernate.org/dtd/hibernate-mapping-3.0.dtd">
<!-- 
    Mapping file autogenerated by MyEclipse Persistence Tools
-->
<hibernate-mapping>
    <class name="com.onlineBookStore.pojo.Bookinfo" table="bookinfo" catalog="onlinebookstore">
        <id name="id" type="java.lang.Integer">
            <column name="id" />
            <generator class="identity" />
        </id>
        <property name="bookName" type="java.lang.String">
            <column name="bookName" length="128" not-null="true" />
        </property>
        <property name="isbn" type="java.lang.String">
            <column name="isbn" length="16" not-null="true" />
        </property>
        <property name="writer" type="java.lang.String">
            <column name="writer" length="45" not-null="true" />
        </property>
        <property name="publisher" type="java.lang.String">
            <column name="publisher" length="64" not-null="true" />
        </property>
        <property name="intro" type="java.lang.String">
            <column name="intro" length="65535" />
        </property>
        <property name="price" type="java.lang.Double">
            <column name="price" precision="5" not-null="true" />
        </property>
        <property name="remaining" type="java.lang.Short">
            <column name="remaining" not-null="true" />
        </property>
        <property name="picture" type="java.lang.String">
            <column name="picture" length="32" />
        </property>
        <property name="date" type="java.sql.Timestamp">
            <column name="date" length="19" not-null="true" />
        </property>
        <property name="category" type="java.lang.String">
            <column name="category" length="32" />
        </property>
        <set name="orders" inverse="true">
            <key>
                <column name="bookid" not-null="true" />
            </key>
            <one-to-many class="com.onlineBookStore.pojo.Order" />
        </set>
        <set name="remarks" inverse="true">
            <key>
                <column name="bookid" not-null="true" />
            </key>
            <one-to-many class="com.onlineBookStore.pojo.Remark" />
        </set>
    </class>
</hibernate-mapping>
