<?xml version="1.0" encoding="utf-8"?>
<!DOCTYPE hibernate-mapping PUBLIC "-//Hibernate/Hibernate Mapping DTD 3.0//EN"
"http://www.hibernate.org/dtd/hibernate-mapping-3.0.dtd">
<!-- 
    Mapping file autogenerated by MyEclipse Persistence Tools
-->
<hibernate-mapping>
    <class name="com.onlineBookStore.pojo.Order" table="order" catalog="onlinebookstore">
        <id name="id" type="java.lang.Integer">
            <column name="id" />
            <generator class="identity" />
        </id>
        <many-to-one name="bookinfo" class="com.onlineBookStore.pojo.Bookinfo" fetch="select">
            <column name="bookid" not-null="true" />
        </many-to-one>
        <many-to-one name="userinfo" class="com.onlineBookStore.pojo.Userinfo" fetch="select">
            <column name="userid" not-null="true" />
        </many-to-one>
        <property name="orderdate" type="java.sql.Timestamp">
            <column name="orderdate" length="19" not-null="true" />
        </property>
        <property name="status" type="java.lang.Short">
            <column name="status" not-null="true" />
        </property>
        <property name="postcode" type="java.lang.String">
            <column name="postcode" length="6" not-null="true" />
        </property>
        <property name="address" type="java.lang.String">
            <column name="address" length="128" not-null="true" />
        </property>
    </class>
</hibernate-mapping>
