<?xml version="1.0" encoding="utf-8"?>
<!DOCTYPE hibernate-mapping PUBLIC "-//Hibernate/Hibernate Mapping DTD 3.0//EN"
"http://www.hibernate.org/dtd/hibernate-mapping-3.0.dtd">
<!-- 
    Mapping file autogenerated by MyEclipse Persistence Tools
-->
<hibernate-mapping>
    <class name="com.onlineBookStore.pojo.Remark" table="remark" catalog="onlinebookstore">
        <id name="id" type="java.lang.Integer">
            <column name="id" />
            <generator class="identity" />
        </id>
        <many-to-one name="bookinfo" class="com.onlineBookStore.pojo.Bookinfo" fetch="select">
            <column name="bookid" not-null="true" />
        </many-to-one>
        <many-to-one name="userinfo" class="com.onlineBookStore.pojo.Userinfo" fetch="select">
            <column name="userid" not-null="true" />
        </many-to-one>
        <property name="remark" type="java.lang.String">
            <column name="remark" length="65535" not-null="true" />
        </property>
        <property name="date" type="java.sql.Timestamp">
            <column name="date" length="19" not-null="true" />
        </property>
    </class>
</hibernate-mapping>
