<?xml version="1.0" encoding="utf-8"?>
<!DOCTYPE hibernate-mapping PUBLIC "-//Hibernate/Hibernate Mapping DTD 3.0//EN"
"http://www.hibernate.org/dtd/hibernate-mapping-3.0.dtd">
<!-- 
    Mapping file autogenerated by MyEclipse Persistence Tools
-->
<hibernate-mapping>
    <class name="com.onlineBookStore.pojo.Userinfo" table="userinfo" catalog="onlinebookstore">
        <id name="id" type="java.lang.Integer">
            <column name="id" />
            <generator class="identity" />
        </id>
       
        <property name="password" type="java.lang.String">
            <column name="password" length="32" not-null="true" />
        </property>
        <property name="email" type="java.lang.String">
            <column name="email" length="32" not-null="true" />
        </property>
        <property name="power" type="java.lang.Short">
            <column name="power" />
        </property>
        <set name="remarks" inverse="true">
            <key>
                <column name="userid" not-null="true" />
            </key>
            <one-to-many class="com.onlineBookStore.pojo.Remark" />
        </set>
        <set name="addressinfos" inverse="true">
            <key>
                <column name="userid" />
            </key>
            <one-to-many class="com.onlineBookStore.pojo.Addressinfo" />
        </set>
        <set name="orders" inverse="true">
            <key>
                <column name="userid" not-null="true" />
            </key>
            <one-to-many class="com.onlineBookStore.pojo.Order" />
        </set>
    </class>
</hibernate-mapping>
